fold,n_tr,n_va,rmse,mae
3,213,21,0.04939438066048555,0.049394380301237106
