fold,n_tr,n_va,rmse,mae
3,213,21,0.028453465582305982,0.028453465551137924
4,234,22,0.047291745897015264,0.04683743789792061
5,256,21,0.1612452836973382,0.16124528646469116
7,294,21,0.0009425035639574891,0.0009425035677850246
8,315,21,0.0076003401182566845,0.007600340060889721
9,336,21,0.0021745338718293897,0.0021745339035987854
11,377,21,0.00999980778656106,0.009999807924032211
14,438,21,0.04468011068059332,0.04468011111021042
15,459,22,0.049220806884928726,0.04752234369516373
