fold,n_tr,n_va,rmse,mae
3,213,21,0.04133236017637977,0.04133236035704613
