fold,n_tr,n_va,rmse,mae
3,213,21,0.014132760426037621,0.014132760465145111