fold,n_tr,n_va,rmse,mae
3,213,21,0.17742443307958286,0.17742443084716797
