fold,n_tr,n_va,rmse,mae
3,214,21,0.00584793837335935,0.005847938358783722
5,255,21,0.004156482919882306,0.004156482871621847
8,316,21,0.047592811298756456,0.04759281128644943
9,337,22,0.08377129393021825,0.07965178042650223
