fold,n_tr,n_va,rmse,mae
3,214,21,0.1401440356002563,0.14014403522014618
5,255,21,0.003780966883070707,0.0037809668574482203
8,316,21,0.06517819209522657,0.06517819315195084
9,337,22,0.004865978884577875,0.004638335667550564
