fold,n_tr,n_va,rmse,mae
3,213,21,0.03724431300194645,0.03724431246519089
